id,task,context_words_target,query,gold,distractors
single_needle-2048w-0,single_needle,2048,Which marker was labeled as the secret marker?,MK53-4897X,"['ZX17-2044Q', 'ALPHA-77K2', 'NOVA-9031B', 'RIVER-42M']"
single_needle-2048w-1,single_needle,2048,Which marker was labeled as the secret marker?,ZX17-2044Q,"['MK53-4897X', 'ALPHA-77K2', 'NOVA-9031B', 'RIVER-42M']"
single_needle-2048w-2,single_needle,2048,Which marker was labeled as the secret marker?,ALPHA-77K2,"['MK53-4897X', 'ZX17-2044Q', 'NOVA-9031B', 'RIVER-42M']"
single_needle-2048w-3,single_needle,2048,Which marker was labeled as the secret marker?,NOVA-9031B,"['MK53-4897X', 'ZX17-2044Q', 'ALPHA-77K2', 'RIVER-42M']"
single_needle-2048w-4,single_needle,2048,Which marker was labeled as the secret marker?,RIVER-42M,"['MK53-4897X', 'ZX17-2044Q', 'ALPHA-77K2', 'NOVA-9031B']"
single_needle-2048w-5,single_needle,2048,Which marker was labeled as the secret marker?,ORBIT-118X,"['MK53-4897X', 'ZX17-2044Q', 'ALPHA-77K2', 'NOVA-9031B']"
single_needle-2048w-6,single_needle,2048,Which marker was labeled as the secret marker?,CYPHER-8007Z,"['MK53-4897X', 'ZX17-2044Q', 'ALPHA-77K2', 'NOVA-9031B']"
single_needle-2048w-7,single_needle,2048,Which marker was labeled as the secret marker?,DELTA-330Q,"['MK53-4897X', 'ZX17-2044Q', 'ALPHA-77K2', 'NOVA-9031B']"
single_needle-2048w-8,single_needle,2048,Which marker was labeled as the secret marker?,TITAN-991K,"['MK53-4897X', 'ZX17-2044Q', 'ALPHA-77K2', 'NOVA-9031B']"
single_needle-2048w-9,single_needle,2048,Which marker was labeled as the secret marker?,VECTOR-118B,"['MK53-4897X', 'ZX17-2044Q', 'ALPHA-77K2', 'NOVA-9031B']"
multi_needle-2048w-0,multi_needle,2048,Which passcode was BLUE?,ZX17-2044Q,"['MK53-4897X', 'ALPHA-77K2', 'NOVA-9031B', 'RIVER-42M']"
multi_needle-2048w-1,multi_needle,2048,Which passcode was BLUE?,NOVA-9031B,"['ALPHA-77K2', 'MK53-4897X', 'ZX17-2044Q', 'RIVER-42M']"
multi_needle-2048w-2,multi_needle,2048,Which passcode was BLUE?,ORBIT-118X,"['RIVER-42M', 'MK53-4897X', 'ZX17-2044Q', 'ALPHA-77K2']"
multi_needle-2048w-3,multi_needle,2048,Which passcode was BLUE?,DELTA-330Q,"['CYPHER-8007Z', 'MK53-4897X', 'ZX17-2044Q', 'ALPHA-77K2']"
multi_needle-2048w-4,multi_needle,2048,Which passcode was BLUE?,VECTOR-118B,"['TITAN-991K', 'MK53-4897X', 'ZX17-2044Q', 'ALPHA-77K2']"
multi_needle-2048w-5,multi_needle,2048,Which passcode was BLUE?,ZX17-2044Q,"['MK53-4897X', 'ALPHA-77K2', 'NOVA-9031B', 'RIVER-42M']"
multi_needle-2048w-6,multi_needle,2048,Which passcode was BLUE?,NOVA-9031B,"['ALPHA-77K2', 'MK53-4897X', 'ZX17-2044Q', 'RIVER-42M']"
multi_needle-2048w-7,multi_needle,2048,Which passcode was BLUE?,ORBIT-118X,"['RIVER-42M', 'MK53-4897X', 'ZX17-2044Q', 'ALPHA-77K2']"
multi_needle-2048w-8,multi_needle,2048,Which passcode was BLUE?,DELTA-330Q,"['CYPHER-8007Z', 'MK53-4897X', 'ZX17-2044Q', 'ALPHA-77K2']"
multi_needle-2048w-9,multi_needle,2048,Which passcode was BLUE?,VECTOR-118B,"['TITAN-991K', 'MK53-4897X', 'ZX17-2044Q', 'ALPHA-77K2']"
kv_retrieval-2048w-0,kv_retrieval,2048,What is the access code for Ankara?,NOVA-9031B,"['MK53-4897X', 'ZX17-2044Q', 'ALPHA-77K2', 'RIVER-42M']"
kv_retrieval-2048w-1,kv_retrieval,2048,What is the access code for Izmir?,RIVER-42M,"['MK53-4897X', 'ZX17-2044Q', 'ALPHA-77K2', 'NOVA-9031B']"
kv_retrieval-2048w-2,kv_retrieval,2048,What is the access code for Bursa?,ORBIT-118X,"['MK53-4897X', 'ZX17-2044Q', 'ALPHA-77K2', 'NOVA-9031B']"
kv_retrieval-2048w-3,kv_retrieval,2048,What is the access code for Konya?,CYPHER-8007Z,"['MK53-4897X', 'ZX17-2044Q', 'ALPHA-77K2', 'NOVA-9031B']"
kv_retrieval-2048w-4,kv_retrieval,2048,What is the access code for Samsun?,DELTA-330Q,"['MK53-4897X', 'ZX17-2044Q', 'ALPHA-77K2', 'NOVA-9031B']"
kv_retrieval-2048w-5,kv_retrieval,2048,What is the access code for Mersin?,TITAN-991K,"['MK53-4897X', 'ZX17-2044Q', 'ALPHA-77K2', 'NOVA-9031B']"
kv_retrieval-2048w-6,kv_retrieval,2048,What is the access code for Trabzon?,VECTOR-118B,"['MK53-4897X', 'ZX17-2044Q', 'ALPHA-77K2', 'NOVA-9031B']"
kv_retrieval-2048w-7,kv_retrieval,2048,What is the access code for Kayseri?,MK53-4897X,"['ZX17-2044Q', 'ALPHA-77K2', 'NOVA-9031B', 'RIVER-42M']"
kv_retrieval-2048w-8,kv_retrieval,2048,What is the access code for Edirne?,ZX17-2044Q,"['MK53-4897X', 'ALPHA-77K2', 'NOVA-9031B', 'RIVER-42M']"
kv_retrieval-2048w-9,kv_retrieval,2048,What is the access code for Van?,ALPHA-77K2,"['MK53-4897X', 'ZX17-2044Q', 'NOVA-9031B', 'RIVER-42M']"
