experiment,model,context,policy,bits,memory_ratio,accuracy,gold_nll,margin,effective_kv_mb
HM16,Qwen2.5-0.5B,512-2048,full,16,1.000,0.978,4.184,15.474,
HM16,Qwen2.5-0.5B,512-2048,ours_core,4,0.264,0.967,3.345,15.288,
HM16,Qwen2.5-0.5B,512-2048,quant_only,4,0.250,0.922,3.993,14.493,
HM16,Qwen2.5-0.5B,512-2048,ours_core,3,0.203,0.889,2.792,15.095,
HM16,Qwen2.5-0.5B,512-2048,quant_only,3,0.188,0.811,4.980,13.247,
HM17,Qwen2.5-0.5B,4096-16384,full,16,1.000,0.933,3.775,16.278,
HM17,Qwen2.5-0.5B,4096-16384,ours_core,3,0.189,0.822,6.086,15.065,
HM17,Qwen2.5-0.5B,4096-16384,quant_only,3,0.188,0.644,9.528,12.144,
HM18,Qwen2.5-0.5B,16384,full,16,1.000,1.000,4.424,16.138,192.000
HM18,Qwen2.5-0.5B,16384,ours_core,3,0.188,0.800,5.740,17.048,36.157
HM18,Qwen2.5-0.5B,16384,quant_only,3,0.188,0.800,8.483,14.753,36.000
